{
  "humidity": 0.7599055767059326,
  "rainfall": 0.7513374090194702,
  "P": 0.518364667892456,
  "K": 0.4434804916381836,
  "N": 0.3611780107021332,
  "fertility_score": 0.31080567836761475,
  "temperature": 0.16025380790233612,
  "ph": 0.13334888219833374
}