{
  "model": "LogisticRegression",
  "task": "fertility",
  "train_time_s": 0.01,
  "val": {
    "accuracy": 0.7348,
    "precision_macro": 0.633,
    "recall_macro": 0.7192,
    "f1_macro": 0.6159,
    "classification_report": {
      "Low (0)": {
        "precision": 0.9152542372881356,
        "recall": 0.9,
        "f1-score": 0.9075630252100839,
        "support": 60.0
      },
      "Medium (1)": {
        "precision": 0.8297872340425532,
        "recall": 0.5909090909090909,
        "f1-score": 0.6902654867256637,
        "support": 66.0
      },
      "High (2)": {
        "precision": 0.15384615384615385,
        "recall": 0.6666666666666666,
        "f1-score": 0.25,
        "support": 6.0
      },
      "accuracy": 0.7348484848484849,
      "macro avg": {
        "precision": 0.6329625417256142,
        "recall": 0.7191919191919193,
        "f1-score": 0.6159428373119159,
        "support": 132.0
      },
      "weighted avg": {
        "precision": 0.8379112773270724,
        "recall": 0.7348484848484849,
        "f1-score": 0.7690250275492336,
        "support": 132.0
      }
    },
    "confusion_matrix": [
      [
        54,
        6,
        0
      ],
      [
        5,
        39,
        22
      ],
      [
        0,
        2,
        4
      ]
    ],
    "auc_roc": 0.8877
  },
  "test": {
    "accuracy": 0.7273,
    "precision_macro": 0.6402,
    "recall_macro": 0.7146,
    "f1_macro": 0.6076,
    "classification_report": {
      "Low (0)": {
        "precision": 0.9016393442622951,
        "recall": 0.9166666666666666,
        "f1-score": 0.9090909090909091,
        "support": 60.0
      },
      "Medium (1)": {
        "precision": 0.8809523809523809,
        "recall": 0.5606060606060606,
        "f1-score": 0.6851851851851851,
        "support": 66.0
      },
      "High (2)": {
        "precision": 0.13793103448275862,
        "recall": 0.6666666666666666,
        "f1-score": 0.2285714285714286,
        "support": 6.0
      },
      "accuracy": 0.7272727272727273,
      "macro avg": {
        "precision": 0.6401742532324782,
        "recall": 0.7146464646464645,
        "f1-score": 0.6076158409491743,
        "support": 132.0
      },
      "weighted avg": {
        "precision": 0.85658184852645,
        "recall": 0.7272727272727273,
        "f1-score": 0.7662053434780707,
        "support": 132.0
      }
    },
    "confusion_matrix": [
      [
        55,
        4,
        1
      ],
      [
        5,
        37,
        24
      ],
      [
        1,
        1,
        4
      ]
    ],
    "auc_roc": 0.8603
  },
  "n_train": 616,
  "n_val": 132,
  "n_test": 132,
  "n_features": 14
}