{
  "loss": [
    4.359322547912598,
    2.6842846870422363,
    1.811922311782837,
    1.4602746963500977,
    1.2754775285720825,
    1.1865781545639038,
    1.094624638557434,
    1.06767737865448,
    0.9793586730957031,
    0.9449724555015564,
    0.9209679365158081,
    0.9103525280952454,
    0.8255985379219055,
    0.8334690928459167,
    0.8301020860671997,
    0.781488299369812,
    0.7895774841308594,
    0.7978848814964294,
    0.7741256952285767,
    0.7818958759307861,
    0.7439841032028198,
    0.7441194653511047,
    0.7345339059829712,
    0.7017365097999573,
    0.7103288173675537,
    0.723368227481842,
    0.6661451458930969,
    0.6761503219604492,
    0.6643051505088806,
    0.6605603098869324,
    0.6346972584724426,
    0.5891580581665039,
    0.6548164486885071,
    0.6096026301383972,
    0.5991249084472656,
    0.6303418278694153,
    0.641453206539154,
    0.6358712315559387,
    0.6540210843086243,
    0.6352530121803284,
    0.6013471484184265,
    0.6224547028541565,
    0.5495250225067139,
    0.5922896265983582,
    0.5590645670890808
  ],
  "crop_output_loss": [
    2.8404972553253174,
    1.8466638326644897,
    1.1867550611495972,
    0.8728127479553223,
    0.7309750318527222,
    0.6537088751792908,
    0.5796364545822144,
    0.5497037172317505,
    0.4748312532901764,
    0.4635574519634247,
    0.43821099400520325,
    0.4170396625995636,
    0.37634003162384033,
    0.3762139678001404,
    0.36889681220054626,
    0.32612714171409607,
    0.3488781154155731,
    0.34775713086128235,
    0.32642248272895813,
    0.3144237995147705,
    0.2940686047077179,
    0.3085367977619171,
    0.30539605021476746,
    0.2775006890296936,
    0.27188125252723694,
    0.2890233099460602,
    0.23405218124389648,
    0.2635655105113983,
    0.25042036175727844,
    0.2583775818347931,
    0.24886484444141388,
    0.20279356837272644,
    0.24491888284683228,
    0.23557691276073456,
    0.21905575692653656,
    0.23196850717067719,
    0.23361507058143616,
    0.24005915224552155,
    0.23821735382080078,
    0.22970330715179443,
    0.2093026340007782,
    0.21253101527690887,
    0.18868334591388702,
    0.20107217133045197,
    0.1931084245443344
  ],
  "fertility_output_loss": [
    0.8925161361694336,
    0.5391084551811218,
    0.43144935369491577,
    0.392518550157547,
    0.3733449876308441,
    0.36929067969322205,
    0.3465869128704071,
    0.3579127788543701,
    0.3382873833179474,
    0.3270828425884247,
    0.32279303669929504,
    0.34228914976119995,
    0.31235915422439575,
    0.32438379526138306,
    0.3317628800868988,
    0.31161609292030334,
    0.29883116483688354,
    0.3017639219760895,
    0.30333074927330017,
    0.30580583214759827,
    0.3078451454639435,
    0.2821328639984131,
    0.3014138638973236,
    0.27370697259902954,
    0.30829524993896484,
    0.29922807216644287,
    0.312569260597229,
    0.2892899811267853,
    0.28954339027404785,
    0.2872157692909241,
    0.25929704308509827,
    0.26018014550209045,
    0.29033511877059937,
    0.25133129954338074,
    0.25389817357063293,
    0.29020392894744873,
    0.2760210931301117,
    0.2724779546260834,
    0.2893523573875427,
    0.2859492599964142,
    0.26882991194725037,
    0.28920817375183105,
    0.2493586540222168,
    0.2811390161514282,
    0.2588683068752289
  ],
  "deficiency_output_loss": [
    1.0060147047042847,
    0.5079172253608704,
    0.3500092625617981,
    0.34180909395217896,
    0.3072831928730011,
    0.2967960238456726,
    0.2971479594707489,
    0.2895541787147522,
    0.2923719584941864,
    0.27468574047088623,
    0.28065335750579834,
    0.2743518352508545,
    0.24921399354934692,
    0.24718521535396576,
    0.24474363029003143,
    0.2575853168964386,
    0.25204306840896606,
    0.260895699262619,
    0.2562982439994812,
    0.27853402495384216,
    0.2545492649078369,
    0.2623456120491028,
    0.23500843346118927,
    0.25658783316612244,
    0.23976416885852814,
    0.2437031865119934,
    0.22754697501659393,
    0.22644098103046417,
    0.22781255841255188,
    0.21551267802715302,
    0.22299349308013916,
    0.22277556359767914,
    0.22203677892684937,
    0.21620087325572968,
    0.2211882323026657,
    0.20776285231113434,
    0.23377661406993866,
    0.22228707373142242,
    0.23040226101875305,
    0.22098787128925323,
    0.2212258130311966,
    0.22319626808166504,
    0.20169338583946228,
    0.2078828364610672,
    0.1985769420862198
  ],
  "crop_output_accuracy": [
    0.16688311100006104,
    0.4285714328289032,
    0.6051948070526123,
    0.6889610290527344,
    0.7285714149475098,
    0.7525973916053772,
    0.7714285850524902,
    0.7779220938682556,
    0.8188311457633972,
    0.8188311457633972,
    0.8298701047897339,
    0.8448051810264587,
    0.866233766078949,
    0.8545454740524292,
    0.8577921986579895,
    0.8805195093154907,
    0.8668830990791321,
    0.8655844330787659,
    0.8798701167106628,
    0.8805195093154907,
    0.8896104097366333,
    0.8798701167106628,
    0.8857142925262451,
    0.8922078013420105,
    0.8954545259475708,
    0.8831169009208679,
    0.9058441519737244,
    0.8948051929473877,
    0.9019480347633362,
    0.8999999761581421,
    0.8974025845527649,
    0.9220778942108154,
    0.9064934849739075,
    0.9064934849739075,
    0.9155844449996948,
    0.9129869937896729,
    0.9149350523948669,
    0.9123376607894897,
    0.9051948189735413,
    0.9084415435791016,
    0.9175324440002441,
    0.9175324440002441,
    0.9240259528160095,
    0.9305194616317749,
    0.9311688542366028
  ],
  "fertility_output_accuracy": [
    0.5577921867370605,
    0.7461038827896118,
    0.798701286315918,
    0.8038961291313171,
    0.8240259885787964,
    0.833116888999939,
    0.8337662220001221,
    0.8324675559997559,
    0.850649356842041,
    0.8538960814476013,
    0.8558441400527954,
    0.8480519652366638,
    0.8727272748947144,
    0.8435065150260925,
    0.8538960814476013,
    0.8558441400527954,
    0.8610389828681946,
    0.8616883158683777,
    0.8616883158683777,
    0.8642857074737549,
    0.8603895902633667,
    0.8785714507102966,
    0.86753249168396,
    0.8766233921051025,
    0.8636363744735718,
    0.8688311576843262,
    0.8629870414733887,
    0.8714285492897034,
    0.8811688423156738,
    0.8785714507102966,
    0.8922078013420105,
    0.8844155669212341,
    0.8759739995002747,
    0.8896104097366333,
    0.885064959526062,
    0.8694804906845093,
    0.8857142925262451,
    0.88246750831604,
    0.8733766078948975,
    0.8844155669212341,
    0.8831169009208679,
    0.8707792162895203,
    0.8909090757369995,
    0.8727272748947144,
    0.8889610171318054
  ],
  "deficiency_output_accuracy": [
    0.56623375415802,
    0.801948070526123,
    0.8733766078948975,
    0.8844155669212341,
    0.8792207837104797,
    0.885064959526062,
    0.8915584683418274,
    0.8935064673423767,
    0.8987013101577759,
    0.899350643157959,
    0.8961039185523987,
    0.8896104097366333,
    0.9064934849739075,
    0.9116883277893066,
    0.9097402691841125,
    0.899350643157959,
    0.9064934849739075,
    0.8909090757369995,
    0.8980519771575928,
    0.8935064673423767,
    0.9084415435791016,
    0.9051948189735413,
    0.9110389351844788,
    0.8987013101577759,
    0.9175324440002441,
    0.9116883277893066,
    0.9129869937896729,
    0.9129869937896729,
    0.918181836605072,
    0.9162337779998779,
    0.9136363863945007,
    0.9149350523948669,
    0.9142857193946838,
    0.9292207956314087,
    0.9220778942108154,
    0.9207792282104492,
    0.9103896021842957,
    0.9188311696052551,
    0.9123376607894897,
    0.9194805026054382,
    0.9233766198158264,
    0.9162337779998779,
    0.9305194616317749,
    0.9194805026054382,
    0.9311688542366028
  ],