{
  "temperature": 3.959161556488786e-10,
  "fertility_score": 3.2533041076744263e-10,
  "rainfall": 3.238844395932069e-10,
  "ph": 3.2326126151131027e-10,
  "K": 3.1801017217601575e-10,
  "humidity": 3.1541048883849135e-10,
  "P": 3.1123401662078924e-10,
  "N": 2.5397118409582884e-10
}