{
  "N": 1.375954270362854,
  "P": 0.7332426309585571,
  "soil_quality_index": 0.14916498959064484,
  "K": 0.1424565464258194,
  "Cu": 0.13598638772964478,
  "organic_carbon": 0.12321372330188751,
  "Fe": 0.11819441616535187,
  "Zn": 0.1056496798992157,
  "Mn": 0.09604492038488388,
  "ec": 0.08695098012685776,
  "fertility_score": 0.07462824136018753,
  "S": 0.06674409657716751,
  "ph": 0.04526948928833008,
  "B": 0.04026196897029877
}