{
  "N": 1.513688325881958,
  "K": 0.9928594827651978,
  "P": 0.8554317355155945,
  "fertility_score": 0.3330506384372711,
  "rainfall": 0.17660023272037506,
  "humidity": 0.08112996071577072,
  "temperature": 0.016477635130286217,
  "ph": 0.012456611730158329
}